Date,Mood

2025-06-17,HappyğŸ˜€
2025-06-17,SadğŸ˜”
2025-06-17,SadğŸ˜”
2025-06-17,AngryğŸ˜ 
2025-06-17,NeutralğŸ˜
2025-06-17,NeutralğŸ˜
2025-06-17,NeutralğŸ˜
2025-06-17,NeutralğŸ˜
2025-06-17,HappyğŸ˜€
2025-06-17,HappyğŸ˜€
2025-06-17,HappyğŸ˜€
2025-06-17,HappyğŸ˜€
2025-06-17,HappyğŸ˜€
2025-06-17,HappyğŸ˜€
2025-06-17,HappyğŸ˜€
2025-06-17,HappyğŸ˜€
2025-06-17,HappyğŸ˜€
2025-06-17,AngryğŸ˜ 
2025-06-17,AngryğŸ˜ 
2025-06-17,AngryğŸ˜ 
2025-06-17,AngryğŸ˜ 
2025-06-17,AngryğŸ˜ 
2025-06-17,AngryğŸ˜ 
2025-06-17,AngryğŸ˜ 
2025-06-17,AngryğŸ˜ 
2025-06-17,AngryğŸ˜ 
2025-06-17,AngryğŸ˜ 
2025-06-17,AngryğŸ˜ 
2025-06-17,AngryğŸ˜ 
2025-06-17,AngryğŸ˜ 
2025-06-17,AngryğŸ˜ 
2025-06-17,AngryğŸ˜ 
2025-06-17,AngryğŸ˜ 
2025-06-17,AngryğŸ˜ 
2025-06-17,AngryğŸ˜ 
2025-06-17,AngryğŸ˜ 
2025-06-17,HappyğŸ˜€
2025-06-17,HappyğŸ˜€
2025-06-17,HappyğŸ˜€
2025-06-17,HappyğŸ˜€
2025-06-17,HappyğŸ˜€
2025-06-17,HappyğŸ˜€
2025-06-17,NeutralğŸ˜
2025-06-17,NeutralğŸ˜
2025-06-17,NeutralğŸ˜
2025-06-17,NeutralğŸ˜
2025-06-17,NeutralğŸ˜
2025-06-17,NeutralğŸ˜
2025-06-17,NeutralğŸ˜
2025-06-17,NeutralğŸ˜
2025-06-17,SadğŸ˜”
2025-06-17,SadğŸ˜”
2025-06-17,SadğŸ˜”
2025-06-17,SadğŸ˜”
2025-06-17,SadğŸ˜”
2025-06-17,SadğŸ˜”
